date,neo_id,name,estimated_diameter_m_min,estimated_diameter_m_max,is_potentially_hazardous,close_approach_date,rel_velocity_km_h,miss_distance_km
2025-10-01,3002856,(1991 GO),253.837,567.597,True,2025-Oct-01 11:32,116264.2472481438,70011871.989979987
2025-10-01,3346460,(2006 SS134),134.448,300.635,True,2025-Oct-01 04:39,68275.0959532751,12154759.453900843
2025-10-01,3471356,(2009 TJ4),16.016,35.813,False,2025-Oct-01 02:55,59020.0288999546,65592452.178193384
2025-10-01,3730802,(2015 TT238),31.956,71.456,False,2025-Oct-01 11:02,25794.8346140339,13734683.712109661
2025-10-01,3856710,(2019 SG4),29.279,65.470,False,2025-Oct-01 15:13,48384.5991023178,8333127.49470879
2025-10-01,3994621,(2020 DT2),8.027,17.949,False,2025-Oct-01 15:48,30210.5634982051,20014314.85996984
2025-10-01,54054367,(2020 SA),36.691,82.043,False,2025-Oct-01 04:33,44960.9059961136,8378998.495109659
2025-10-01,54157355,(2021 LV2),23.472,52.486,False,2025-Oct-01 00:31,69861.8872473476,61892989.962807672
2025-10-01,54235406,(2022 AG),25.151,56.239,False,2025-Oct-01 21:45,11686.119937814,28616186.311296318
2025-10-01,54253542,(2022 EG4),33.772,75.516,False,2025-Oct-01 14:11,55528.1576089452,50251557.767745725
2025-10-01,54391010,(2023 TF1),25.035,55.981,False,2025-Oct-01 13:00,37865.5813937761,17827604.661682777
2025-10-01,54395903,(2023 UJ1),15.942,35.648,False,2025-Oct-01 23:50,62425.6437194143,42520024.389117256
2025-10-01,54415896,(2023 XU10),7.808,17.460,False,2025-Oct-01 13:01,29884.2681968981,12062148.468991849
2025-10-01,54543546,(2025 QL23),56.047,125.326,False,2025-Oct-01 22:54,35840.8430287747,2729884.206882843
2025-10-01,54546120,(2025 SZ),5.910,13.214,False,2025-Oct-01 09:24,7162.4767506916,3464848.38449747
2025-10-01,54548206,(2025 SQ12),23.581,52.728,False,2025-Oct-01 08:16,46265.5875043674,6546238.951612776
2025-10-01,54549109,(2025 SY21),10.943,24.470,False,2025-Oct-01 20:07,73937.7070130848,1707958.13380065
2025-10-01,54549128,(2025 SJ27),29.428,65.802,False,2025-Oct-01 05:06,26931.6985544572,11092754.585547376
2025-10-01,54549684,(2025 TB),12.970,29.003,False,2025-Oct-01 15:24,42674.6409329909,1363936.514039175
2025-10-01,54549695,(2025 TF),1.214,2.714,False,2025-Oct-01 00:49,75154.0114824793,6780.463618602
2025-10-01,54550509,(2025 TP),3.824,8.551,False,2025-Oct-01 21:17,52957.0658512948,107633.498295885
2025-10-01,54550511,(2025 TQ),4.487,10.033,False,2025-Oct-01 03:33,36274.4089306211,310790.188276267
2025-10-01,54550518,(2025 TW),30.829,68.935,False,2025-Oct-01 22:51,44904.7297395274,10501167.639463261
2025-10-02,3781988,(2017 SJ20),90.480,202.321,False,2025-Oct-02 19:46,94051.4886152982,56731410.196181146
2025-10-02,3782063,(2017 TG1),69.913,156.329,False,2025-Oct-02 12:43,54279.772165174,44783877.406871692
2025-10-02,3873325,(2019 TA1),16.016,35.813,False,2025-Oct-02 14:14,42182.4509997833,30330976.953814543
2025-10-02,3879167,(2019 TA7),14.607,32.662,False,2025-Oct-02 19:05,95300.6811448604,72154359.397358693
2025-10-02,54016464,(2020 GE1),10.105,22.596,False,2025-Oct-02 21:39,16821.4746049884,5256534.067530987
2025-10-02,54130760,(2021 EN2),43.108,96.392,False,2025-Oct-02 00:48,39031.1616864215,60774131.979778553
2025-10-02,54185582,(2021 PS16),63.176,141.267,False,2025-Oct-02 17:37,42934.1333836133,41747441.194168617
2025-10-02,54212589,(2021 UG1),24.692,55.213,False,2025-Oct-02 20:53,27383.3228635738,23104432.652665419
2025-10-02,54321452,(2022 UL13),58.689,131.232,False,2025-Oct-02 21:24,41849.9051532314,33088937.045668145
2025-10-02,54385233,(2023 RG22),15.869,35.485,False,2025-Oct-02 19:22,62678.4584467817,46680204.660720668
2025-10-02,54393149,(2023 TV9),30.238,67.615,False,2025-Oct-02 19:18,27205.3264360843,19385903.291160987
2025-10-02,54414145,(2023 XZ2),7.772,17.380,False,2025-Oct-02 14:44,19514.1685258324,36945858.813277884
2025-10-02,54486934,(2024 TZ),57.618,128.837,False,2025-Oct-02 08:04,80949.3454724598,21009242.317302931
2025-10-02,54545769,(2025 SH),8.871,19.835,False,2025-Oct-02 08:55,13426.9832371999,1393391.526813677
2025-10-02,54546119,(2025 SY),10.818,24.190,False,2025-Oct-02 00:02,21176.0119979867,4673627.792170001
2025-10-02,54546407,(2025 SB2),29.563,66.106,False,2025-Oct-02 11:37,16700.8659464818,26318432.321829702
2025-10-02,54546465,(2025 SS2),37.649,84.186,False,2025-Oct-02 13:20,34507.7916544801,20374562.029269172
2025-10-02,54549111,(2025 SV21),15.724,35.159,False,2025-Oct-02 11:07,25974.892261832,9128731.393324722
2025-10-02,54549117,(2025 SN23),33.679,75.308,False,2025-Oct-02 01:17,43198.5179063124,11673450.253183372
2025-10-02,54549696,(2025 TG),10.451,23.369,False,2025-Oct-02 00:17,21828.5856319999,1996332.592195904
2025-10-02,54550575,(2025 TP1),8.503,19.013,False,2025-Oct-02 05:08,45455.6233277435,225395.176305019
2025-10-03,3427459,(2008 SS),97.399,217.791,False,2025-Oct-03 22:04,52300.2946120308,17860588.568532283
2025-10-03,3716631,(2015 HN9),80.270,179.490,False,2025-Oct-03 22:24,27750.3476679028,12307670.348249437
2025-10-03,3720000,(2015 KT120),25.384,56.760,False,2025-Oct-03 04:07,41649.1343134956,39827549.38855575
2025-10-03,54201807,(2021 SY3),10.582,23.661,False,2025-Oct-03 23:05,21345.843187419,7782741.82159392
2025-10-03,54212590,(2021 UJ1),14.406,32.214,False,2025-Oct-03 18:11,79654.1300445942,66740907.725807328
2025-10-03,54265626,(2022 FL1),3.772,8.434,False,2025-Oct-03 09:08,27654.4677872768,71679427.628638257
2025-10-03,54300842,(2022 QG41),107.784,241.013,False,2025-Oct-03 16:41,43035.1649646077,16201986.272634791
2025-10-03,54309253,(2022 SK21),20.163,45.086,False,2025-Oct-03 03:16,8555.3985780294,21283967.780194912
2025-10-03,54324411,(2022 VV),48.591,108.653,False,2025-Oct-03 13:30,32663.0152267157,30486923.428302029
2025-10-03,54383301,(2023 RV12),15.295,34.201,False,2025-Oct-03 12:57,48954.251541506,28643357.009475281
2025-10-03,54385247,(2023 SV1),39.678,88.724,False,2025-Oct-03 06:51,114482.5713097996,59952516.85623488
2025-10-03,54417174,(2023 XJ16),275.775,616.652,False,2025-Oct-03 13:04,94240.9067697022,71944436.919310756
2025-10-03,54486931,(2024 TW),4.311,9.639,False,2025-Oct-03 03:41,42606.6251980061,7983747.398922211
2025-10-03,54542743,(2025 QK10),39.862,89.133,False,2025-Oct-03 16:11,42806.2878403661,12572284.43126897
2025-10-03,54544998,(2025 RH2),27.833,62.236,False,2025-Oct-03 20:07,18275.3849365381,7514832.23213637
2025-10-03,54546468,(2025 SV2),29.768,66.564,False,2025-Oct-03 03:53,26219.1999735244,17635842.871379869
2025-10-03,54547367,(2025 SV6),9.695,21.679,False,2025-Oct-03 20:02,17894.2304314285,1792229.695687772
2025-10-03,54549686,(2025 SE29),79.315,177.354,False,2025-Oct-03 21:04,31124.7205554805,4754758.890851574
2025-10-03,54549682,(2025 TC),10.437,23.337,False,2025-Oct-03 06:34,58122.3646234667,85671.453875221
2025-10-03,54550514,(2025 TS),8.994,20.111,False,2025-Oct-03 07:50,32935.8585990453,647814.666864232
2025-10-04,3428698,(2008 TD),22.108,49.436,False,2025-Oct-04 03:35,50892.9445076648,24268337.351831707
2025-10-04,3667048,(2014 GQ17),10.105,22.596,False,2025-Oct-04 11:16,35772.6454614778,49002315.99586324
2025-10-04,3728859,(2015 SZ16),69.913,156.329,False,2025-Oct-04 03:09,39659.4828429509,58516116.899222571
2025-10-04,3799876,(2018 ES3),31.373,70.152,False,2025-Oct-04 16:17,42469.4688588529,40987360.835682459
2025-10-04,3878561,(2019 TS1),37.373,83.568,False,2025-Oct-04 19:07,47305.7747107182,20399348.107480761
2025-10-04,3879165,(2019 TY6),26.095,58.350,False,2025-Oct-04 14:06,54759.2880444692,18340416.855055263
2025-10-04,3991587,(2020 CR2),9.132,20.419,False,2025-Oct-04 18:19,78104.736076315,27751317.357208065
2025-10-04,54154694,(2021 LA1),24.019,53.708,False,2025-Oct-04 09:20,21947.6691018136,30652379.959063711
2025-10-04,54193830,(2021 RF4),51.827,115.888,False,2025-Oct-04 23:52,19872.431023708,56213476.325251979
2025-10-04,54202332,(2021 TD1),16.694,37.328,False,2025-Oct-04 09:12,56578.6114288362,25687173.067806677
2025-10-04,54203006,(2021 SZ4),214.070,478.674,True,2025-Oct-04 02:24,160284.9273779689,71892716.088680768
2025-10-04,54215217,(2021 VO),146.742,328.125,False,2025-Oct-04 19:27,47785.6767653129,57426097.675502276
2025-10-04,54265894,(2022 FF3),7.423,16.597,False,2025-Oct-04 01:37,34392.7048768024,46320602.018884444
2025-10-04,54352299,(2023 FL4),25.737,57.549,False,2025-Oct-04 14:34,54094.6609941974,74202950.923722975
2025-10-04,54390823,(2023 TT),40.790,91.209,False,2025-Oct-04 07:04,61545.6338194818,25814258.373224413
2025-10-04,54392067,(2023 TM3),10.878,24.324,False,2025-Oct-04 23:49,77038.0005845218,45856607.814193105
2025-10-04,54546621,(2025 SS3),47.770,106.817,False,2025-Oct-04 21:43,46786.4448533122,9826487.424155292
2025-10-04,54549112,(2025 SG22),47.946,107.211,False,2025-Oct-04 02:53,54772.8034093934,15191996.942715212
2025-10-04,54549680,(2025 SZ27),24.308,54.355,False,2025-Oct-04 04:29,59089.6782394722,1180837.188398617
